{"cameraMode":{"drawMode":0,"name":"Shaded","section":"Shading Mode"},"sceneLighting":true,"audioPlay":false,"sceneViewState":{"showFog":false,"showMaterialUpdate":false,"showSkybox":false,"showFlares":false,"showImageEffects":false,"showParticleSystems":false},"in2DMode":false,"pivot":{"x":-0.046586066484451297,"y":-0.03188528120517731,"z":-17.286266326904298},"rotation":{"x":0.17574921250343324,"y":-0.6077508330345154,"z":0.14028193056583405,"w":0.7616246938705444},"size":12.031388282775879,"orthographic":false}