{"cameraMode":{"drawMode":0,"name":"Shaded","section":"Shading Mode"},"sceneLighting":true,"audioPlay":false,"sceneViewState":{"showFog":false,"showMaterialUpdate":false,"showSkybox":false,"showFlares":false,"showImageEffects":false,"showParticleSystems":false},"in2DMode":false,"pivot":{"x":2.675140857696533,"y":0.8938117027282715,"z":-20.046085357666017},"rotation":{"x":0.2318124920129776,"y":-0.38391438126564028,"z":0.10020963102579117,"w":0.8881614804267883},"size":5.360894680023193,"orthographic":false}