{"cameraMode":{"drawMode":0,"name":"Shaded","section":"Shading Mode"},"sceneLighting":true,"audioPlay":false,"sceneViewState":{"showFog":false,"showMaterialUpdate":false,"showSkybox":false,"showFlares":false,"showImageEffects":false,"showParticleSystems":false},"in2DMode":false,"pivot":{"x":1.1392587423324586,"y":3.3839175701141359,"z":-23.780372619628908},"rotation":{"x":-0.30616021156311037,"y":-0.12150692194700241,"z":0.03940306603908539,"w":-0.9433712363243103},"size":2.414693593978882,"orthographic":false}